{"accuracy": [0.03402889147400856, 0.057463884353637695, 0.08507223427295685, 0.13001605868339539, 0.18715891242027283, 0.2340288907289505, 0.28956660628318787, 0.3287319540977478, 0.39293739199638367, 0.4478330612182617, 0.48796147108078003, 0.5306581258773804, 0.5611556768417358, 0.5878009796142578, 0.6237559914588928, 0.6603531241416931, 0.6587479710578918, 0.6825039982795715, 0.7056179642677307, 0.7313001751899719, 0.7293739914894104, 0.7383627891540527, 0.7540931105613708, 0.7736757397651672, 0.7797752618789673, 0.774638831615448, 0.8019261360168457, 0.8070626258850098, 0.8054574728012085, 0.8234350085258484], "loss": [8.171479225158691, 3.933014154434204, 3.6812925338745117, 3.735081672668457, 3.2345142364501953, 3.3924150466918945, 3.0905601978302, 2.9399609565734863, 2.654865026473999, 2.324218273162842, 2.461318254470825, 1.9277511835098267, 1.869233250617981, 1.7182573080062866, 1.6586474180221558, 1.5983939170837402, 1.6630839109420776, 1.4642441272735596, 1.4403550624847412, 1.2422012090682983, 1.3855974674224854, 1.3217450380325317, 1.2008267641067505, 1.2456872463226318, 1.0492753982543945, 1.168752908706665, 0.9194624423980713, 0.9347861409187317, 1.124398112297058, 0.9083724021911621], "val_accuracy": [0.03988603875041008, 0.09116809070110321, 0.18518517911434174, 0.10256410390138626, 0.3960113823413849, 0.40740740299224854, 0.4017094075679779, 0.5498575568199158, 0.5584045648574829, 0.6552706360816956, 0.7179487347602844, 0.7179487347602844, 0.6752136945724487, 0.7407407164573669, 0.5868945717811584, 0.7578347325325012, 0.8176637887954712, 0.6695156693458557, 0.8376068472862244, 0.8290598392486572, 0.8262107968330383, 0.8632478713989258, 0.8632478713989258, 0.8689458966255188, 0.8632478713989258, 0.8660968542098999, 0.8831908702850342, 0.6837607026100159, 0.9088318943977356, 0.8974359035491943], "val_loss": [3.5410208702087402, 3.473909378051758, 3.060945510864258, 3.867551326751709, 2.587458610534668, 2.797844648361206, 2.650099992752075, 2.043841600418091, 1.9374028444290161, 1.7555326223373413, 1.6317387819290161, 1.7369180917739868, 1.9601417779922485, 1.5484964847564697, 3.557753801345825, 1.56686532497406, 1.119363784790039, 2.3268980979919434, 1.196210265159607, 1.3115419149398804, 1.3988453149795532, 1.110991358757019, 1.117911696434021, 1.1318390369415283, 1.2552134990692139, 1.240559458732605, 1.1997982263565063, 3.1536152362823486, 1.2330975532531738, 1.6338030099868774]}